title,subtitle,authors,categories,thumbnail,description,published_year,average_rating,num_pages,ratings_count,price
The Music of Chance,,Paul Auster,Fiction,http://books.google.com/books/content?id=gf_sRKKiwgwC&printsec=frontcover&img=1&zoom=1&source=gbs_api,"An ""exceptional"" (Los Angeles Times) tale of fate, loyalty, responsibility, and the real meaning of freedom, from the author of the forthcoming 4 3 2 1: A Novel A finalist for the PEN/Faulkner Award This ""rich and dazzling"" (Wall Street Journal) novel follows Jim Nashe who, after squandering an unexpected inheritance, picks up a young gambler named Jack Pozzi hoping to con two millionaires. But when their plans backfire, Jim and Jack are indentured by their elusive marks and are forced to build a meaningless wall with bricks gathered from ruins of an Irish castle. Time passes, their debts mount, and anger builds as the two struggle to dig themselves out of their Kafkaesque serfdom. New York Times-bestselling author Paul Auster (The New York Trilogy) brings us back into his strange, shape-shifting world of fiendish bargains and punitive whims, where chance is a powerful yet unpredictable force.",1991.0,3.9,217.0,354.0,329
Geisha,"The Life, the Voices, the Art",Jodi Cobb;Ian Buruma,Photography,http://books.google.com/books/content?id=GvuAJQAACAAJ&printsec=frontcover&img=1&zoom=1&source=gbs_api,"Looks inside the private world of the geisha to capture this unique icon of Japanese traditional culture, following the geisha's training, preparation for a performance, and role in Japanese society",1998.0,3.89,128.0,183.0,170
A Second Chance at Eden,,Peter F. Hamilton,Science fiction,http://books.google.com/books/content?id=foyS8cdFJQkC&printsec=frontcover&img=1&zoom=1&source=gbs_api,This novella and six stories are set in the same universe and time-line as the Night's Dawn trilogy.,1999.0,4.02,496.0,3844.0,221
Redburn,,Herman Melville,Fiction,http://books.google.com/books/content?id=LH87V-JOBSEC&printsec=frontcover&img=1&zoom=1&source=gbs_api,The hardships of life at sea and the realities of distant cities provide young Redburn with a startling introduction to the world,1976.0,3.61,448.0,522.0,233
Selected Speeches and Writings,,Abraham Lincoln,History,http://books.google.com/books/content?id=7PuBQgAACAAJ&printsec=frontcover&img=1&zoom=1&source=gbs_api,"Records Lincoln's campaigns for public office, the evolution of his stand against slavery, his debates with Stephen Douglas, and the great addresses of his presidency",1992.0,4.23,515.0,169.0,345
Evolution and the Theory of Games,,John Maynard Smith,Science,http://books.google.com/books/content?id=Nag2IhmPS3gC&printsec=frontcover&img=1&zoom=1&edge=curl&source=gbs_api,"In this 1982 book, the theory of games, first developed to analyse economic behaviour, is modified so that it can be applied to evolving populations. John Maynard Smith's concept of an evolutionarily stable strategy is relevant whenever the best thing for an animal or plant to do depends on what others are doing. The theory leads to testable predictions about the evolution of behaviour, of sex and genetic systems, and of growth and life history patterns. This book contains a full account of the theory, and of the data relevant to it. The account is aimed at senior undergraduate and graduate students, teachers and research workers in animal behaviour, population genetics and evolutionary biology. The book will also be of interest to mathematicians and game theorists; the mathematics has been largely confined to appendixes so that the main text may be easily followed by biologists.",1982.0,4.0,234.0,80.0,261
Anansi Boys,,Neil Gaiman,Fiction,http://books.google.com/books/content?id=VagoPwAACAAJ&printsec=frontcover&img=1&zoom=1&source=gbs_api,Fat Charlie Nancy's normal life ended the moment his father dropped dead on a Florida karaoke stage. Charlie didn't know his dad was a god. And he never knew he had a brother. Now brother Spider's on his doorstepâ€”about to make Fat Charlie's life more interesting . . . and a lot more dangerous.,2006.0,4.02,387.0,153485.0,469
The Last Days of Socrates,,Plato;Hugh Tredennick,Fiction,http://books.google.com/books/content?id=vwj_1haGR9wC&printsec=frontcover&img=1&zoom=1&source=gbs_api,"Chronicling the life and death of the father of western philosophy, and charting his influence on the most influential ancient Greek philosophers, Plato's The Last Days of Socrates is translated from the Greek by Hugh Tredennick, revised with an introduction and notes by Harold Tarrant in Penguin Classics. The trial and condemnation of Socrates on charges of heresy and corrupting young minds is a defining moment in the history of Classical Athens. In tracing these events through four dialogues, Plato also developed his own philosophy, based on Socrates' manifesto for a life guided by self-responsibility. Euthyphro finds Socrates outside the court-house, debating the nature of piety, while the Apology is his robust rebuttal of the charges of impiety and a defence of the philosopher's life. In the Crito, while awaiting execution in prison, Socrates counters the arguments of friends urging him to escape. Finally, in the Phaedo, he is shown calmly confident in the face of death, skilfully arguing the case for the immortality of the soul. Hugh Tredennick's landmark 1954 translation has been revised by Harold Tarrant, reflecting changes in Platonic studies, with an introduction and expanded introductions to each of the four dialogues. Plato (c.427-347 BC) stands with Socrates and Aristotle as one of the shapers of the whole intellectual tradition of the West. He founded the Academy in Athens, the first permanent institution devoted to philosophical research and teaching, and the prototype of all Western universities. If you enjoyed The Last Days of Socrates, you might like Plato's The Symposium, also available in Penguin Classics.",2003.0,4.07,256.0,1571.0,292
The Portable James Joyce,,James Joyce,Literary Collections,http://books.google.com/books/content?id=LSv3AKlD2OsC&printsec=frontcover&img=1&zoom=1&source=gbs_api,"This compilation of the works of the Irish writer contains a variety of poems, stories and excerpts from novels",1985.0,4.16,762.0,624.0,182
The Language Instinct,How the Mind Creates Language,Steven Pinker,Language Arts & Disciplines,http://books.google.com/books/content?id=NrXVUNbLaMUC&printsec=frontcover&img=1&zoom=1&source=gbs_api,"In this classic study, the world's leading expert on language and the mind lucidly explains everything you always wanted to know about languages: how it works, how children learn it, how it changes, how the brain computes it, and how it envolved. With wit, erudition, and deft use it everyday examples of humor and wordplay, Steven Pinker weaves our vast knowledge of language into a compelling story: language is a human instinct, wired into our brains by evolution like web spinning in spiders or sonar bats. The Language Instinct received the William James Book Prize from the American Psychological Association and the Public Interest Award from the Linguistics Society of America.",2000.0,4.05,448.0,14293.0,132
